{"count":1,"self":15.903823999999998,"total":16.6580959,"children":{"InitializeActuators":{"count":9,"self":0.0029871999999999998,"total":0.0029871999999999998,"children":null},"InitializeSensors":{"count":9,"self":0.0029682999999999997,"total":0.0029682999999999997,"children":null},"AgentSendState":{"count":569,"self":0.0384623,"total":0.058355399999999995,"children":{"CollectObservations":{"count":1026,"self":0.0059627,"total":0.0059627,"children":null},"WriteActionMask":{"count":1026,"self":0,"total":0,"children":null},"RequestDecision":{"count":1026,"self":0.013930399999999999,"total":0.013930399999999999,"children":null}}},"DecideAction":{"count":569,"self":0.665731,"total":0.6687588,"children":{"RayPerceptionSensor.Perceive":{"count":1026,"self":0.0030277999999999998,"total":0.0030277999999999998,"children":null}}},"AgentAct":{"count":569,"self":0.018659699999999998,"total":0.018659699999999998,"children":null}},"gauges":{},"metadata":{"timer_format_version":"0.1.0","start_time_seconds":"1684805157","unity_version":"2021.3.19f1","command_line_arguments":"C:\\Program Files\\Unity\\Hub\\Editor\\2021.3.19f1\\Editor\\Unity.exe -projectpath C:\\Users\\USER\\Documents\\GitHub\\MLAgent_Practice -useHub -hubIPC -cloudEnvironment production -licensingIpc LicenseClient-USER -hubSessionId 04034c20-f8fe-11ed-8851-f34c025c5e91 -accessToken 3Lx2pPnqUPs7Fv1v3AETegb9qilFIW2Pwm9Dzd-ZpQs00df","communication_protocol_version":"1.5.0","com.unity.ml-agents_version":"2.0.0-exp.1","scene_name":"Penguin","end_time_seconds":"1684805174"}}